Date,Close,Volume,Open,High,Low
2024-10-16,221.33,49632820,221.4,222.8199,218.93
2024-10-15,219.57,62988790,220.01,224.26,217.12
2024-10-14,219.16,86291920,220.13,221.91,213.74
2024-10-11,217.8,142628900,220.13,223.34,214.38
2024-10-10,238.77,83087060,241.81,242.7899,232.34
2024-10-09,241.05,66289530,243.82,247.43,239.51
2024-10-08,244.5,56303160,243.56,246.21,240.56
2024-10-07,240.83,68113270,249.0,249.83,240.7
2024-10-04,250.08,86726290,246.69,250.96,244.58
2024-10-03,240.66,80729240,244.48,249.79,237.81
2024-10-02,249.02,93983930,247.55,251.1585,241.5
2024-10-01,258.02,87397610,262.67,263.98,248.53
2024-09-30,261.63,80873380,259.04,264.86,255.77
2024-09-27,260.46,70988070,257.375,260.6999,254.12
2024-09-26,254.22,67142190,260.6,261.75,251.53
2024-09-25,257.02,65034320,252.54,257.05,252.28
2024-09-24,254.27,88491000,254.08,257.19,249.0501
2024-09-23,250.0,86927190,242.61,250.0,241.92
2024-09-20,238.25,99879070,241.52,243.99,235.92
2024-09-19,243.92,102694600,234.0,244.24,232.13
2024-09-18,227.2,78010200,230.09,235.68,226.88
2024-09-17,227.87,66761640,229.45,234.57,226.5533
2024-09-16,226.78,54323000,229.3,229.96,223.53
2024-09-13,230.29,59515110,228.0,232.67,226.32
2024-09-12,229.81,72020040,224.66,231.45,223.83
2024-09-11,228.13,83548630,224.55,228.47,216.8003
2024-09-10,226.17,78891140,220.07,226.4,218.6377
2024-09-09,216.27,67443520,216.2,219.87,213.67
2024-09-06,210.73,112177000,232.6,233.6,210.51
2024-09-05,230.17,119355000,223.49,235.0,222.25
2024-09-04,219.41,80651770,210.59,222.22,210.57
2024-09-03,210.6,76714220,215.26,219.9043,209.64
2024-08-30,214.11,63370610,208.63,214.5701,207.03
2024-08-29,206.28,62308820,209.8,214.89,205.97
2024-08-28,205.75,64116350,209.72,211.84,202.59
2024-08-27,209.21,62821390,213.25,215.66,206.94
2024-08-26,213.21,59301190,218.75,219.09,211.01
2024-08-23,220.32,81525210,214.455,221.48,214.21
2024-08-22,210.66,79514480,223.82,224.8,210.32
2024-08-21,223.27,70145960,222.67,224.6594,218.86
2024-08-20,221.1,74001180,224.88,228.22,219.56
2024-08-19,222.72,76435220,217.07,222.98,214.09
2024-08-16,216.12,88765120,211.15,219.8,210.8
2024-08-15,214.14,89848530,205.02,215.88,204.82
2024-08-14,201.38,70250010,207.39,208.44,198.75
2024-08-13,207.83,76247390,198.47,208.49,197.06
2024-08-12,197.49,64044900,199.02,199.26,194.67
2024-08-09,200.0,58648270,197.05,200.88,195.11
2024-08-08,198.84,65033870,195.7,200.7,192.04
2024-08-07,191.76,71159780,200.77,203.49,191.48
2024-08-06,200.64,73783940,200.75,202.9,192.67
2024-08-05,198.88,100308800,185.22,203.8799,182.0
2024-08-02,207.67,82880120,214.88,216.13,205.78
2024-08-01,216.86,83861900,227.69,231.867,214.3328
2024-07-31,232.07,67497010,227.9,234.68,226.7875
2024-07-30,222.62,100560300,232.25,232.41,220.0
2024-07-29,232.1,129201800,224.9,234.27,224.7
2024-07-26,219.8,94604150,221.19,222.2799,215.33
2024-07-25,220.25,100636500,216.8,226.0,216.231
2024-07-24,215.99,167942900,225.42,225.99,214.71
2024-07-23,246.38,111928200,253.6,255.7594,245.63
2024-07-22,251.51,101225400,244.21,253.21,243.75
2024-07-19,239.2,87403900,247.79,249.44,236.83
2024-07-18,249.23,110869000,251.09,257.14,247.2
2024-07-17,248.5,115584800,252.73,258.47,246.182
2024-07-16,256.56,126332500,255.31,258.62,245.8001
2024-07-15,252.64,146912900,255.97,265.6,251.73
2024-07-12,248.23,155955800,235.8,251.84,233.0912
2024-07-11,241.03,221707300,263.3,271.0,239.65
2024-07-10,263.26,128519400,262.8,267.59,257.86
2024-07-09,262.33,160742500,251.0,265.61,250.3
2024-07-08,252.94,157219600,247.71,259.439,244.57
2024-07-05,251.52,154501200,249.81,252.37,242.4601
2024-07-03,246.39,166561500,234.56,248.35,234.25
2024-07-02,231.26,205047900,218.89,231.3,218.06
2024-07-01,209.86,135691400,201.02,213.23,200.85
2024-06-28,197.88,95438070,199.55,203.2,195.26
2024-06-27,197.42,72746520,195.17,198.72,194.05
2024-06-26,196.37,95737070,186.54,197.755,186.36
2024-06-25,187.35,63678270,184.4,187.97,182.01
2024-06-24,182.58,61992070,184.97,188.8,182.55
2024-06-21,183.01,63029480,182.3,183.95,180.69
2024-06-20,181.57,55893140,184.68,185.21,179.66
2024-06-18,184.86,68982270,186.56,187.2,182.37
2024-06-17,187.44,109786100,177.92,188.81,177.0
2024-06-14,178.01,82038190,185.8,186.0,176.92
2024-06-13,182.47,118984100,188.39,191.08,181.23
2024-06-12,177.29,90389450,171.12,180.55,169.8
2024-06-11,170.66,64761930,173.92,174.75,167.41
2024-06-10,173.79,50869680,176.06,178.57,173.17
2024-06-07,177.48,56244930,176.13,179.35,175.58
2024-06-06,177.94,69887020,174.6,179.73,172.73
2024-06-05,175.0,57953760,175.35,176.15,172.13
2024-06-04,174.77,60056340,174.775,177.755,174.0
2024-06-03,176.29,68568920,178.13,182.6389,174.49
2024-05-31,178.08,67314600,178.5,180.32,173.82
2024-05-30,178.79,77784760,178.575,182.67,175.38
2024-05-29,176.19,54782650,174.19,178.15,173.93
2024-05-28,176.75,59736620,176.4,178.25,173.16
2024-05-24,179.24,65584480,174.835,180.08,173.73
2024-05-23,173.74,71975500,181.8,181.9,173.26
2024-05-22,180.11,88313480,182.85,183.8,178.12
2024-05-21,186.6,115266500,175.51,186.875,174.71
2024-05-20,174.95,61727430,177.56,177.754,173.52
2024-05-17,177.46,77445850,173.55,179.63,172.75
2024-05-16,174.84,59812220,174.1,175.79,171.43
2024-05-15,173.99,79662990,179.9,180.0,173.11
2024-05-14,177.55,86407420,174.496,179.49,174.07
2024-05-13,171.89,67018900,170.0,175.4,169.0
2024-05-10,168.47,72627180,173.05,173.0599,167.75
2024-05-09,171.97,65950290,175.01,175.62,171.37
2024-05-08,174.72,79969490,171.59,176.06,170.15
2024-05-07,177.81,75045850,182.4,183.26,177.4
2024-05-06,184.76,84390250,183.8,187.56,182.2
2024-05-03,181.19,75491540,182.1,184.78,178.42
2024-05-02,180.01,89148040,182.86,184.6,176.02
2024-05-01,179.99,92829720,182.0,185.86,179.01
2024-04-30,183.28,127031800,186.98,190.95,182.8401
2024-04-29,194.05,243869700,188.42,198.87,184.54
2024-04-26,168.29,109815700,168.85,172.12,166.37
2024-04-25,170.18,126427500,158.96,170.88,158.36
2024-04-24,162.13,181178000,162.84,167.97,157.51
2024-04-23,144.68,124545100,143.33,147.26,141.11
2024-04-22,142.05,107097600,140.56,144.44,138.8025
2024-04-19,147.05,87074500,148.97,150.94,146.22
2024-04-18,149.93,96098830,151.25,152.2,148.7
2024-04-17,155.45,82439720,157.64,158.33,153.78
2024-04-16,157.11,96999960,156.742,158.19,153.75
2024-04-15,161.48,100245300,170.24,170.69,161.38
2024-04-12,171.05,64722670,172.34,173.8099,170.3644
2024-04-11,174.6,94515990,172.55,175.88,168.51
2024-04-10,171.76,84532410,173.04,174.93,170.01
2024-04-09,176.88,103232700,172.91,179.22,171.92
2024-04-08,172.98,104423300,169.34,174.5,167.79
2024-04-05,164.9,143157600,169.08,170.86,160.51
2024-04-04,171.11,123162000,170.07,177.19,168.01
2024-04-03,168.38,82950140,164.02,168.82,163.28
2024-04-02,166.63,116650600,164.75,167.69,163.43
2024-04-01,175.22,81562130,176.17,176.75,170.21
2024-03-28,175.79,77654840,177.45,179.57,175.3
2024-03-27,179.83,81804040,181.41,181.91,176.0
2024-03-26,177.67,113186200,178.58,184.25,177.38
2024-03-25,172.63,74228620,168.76,175.24,168.73
2024-03-22,170.83,75580640,166.69,171.2,166.3
2024-03-21,172.82,73178010,176.39,178.18,171.8
2024-03-20,175.66,83846730,173.0,176.25,170.82
2024-03-19,171.32,77271430,172.36,172.82,167.42
2024-03-18,173.8,108214400,170.02,174.72,165.9
2024-03-15,163.57,97146830,163.16,165.1845,160.76
2024-03-14,162.5,126325700,167.77,171.17,160.51
2024-03-13,169.48,106524500,173.05,176.05,169.15
2024-03-12,177.54,87391680,177.77,179.43,172.4101
2024-03-11,177.77,85391530,175.445,182.87,174.8
2024-03-08,175.34,85544640,181.5,182.73,174.7
2024-03-07,178.65,102129000,174.35,180.04,173.7
2024-03-06,176.54,107920900,179.99,181.576,173.7
2024-03-05,180.74,119660800,183.05,184.59,177.57
2024-03-04,188.14,134334900,198.73,199.75,186.72
2024-03-01,202.64,82243120,200.52,204.52,198.5
2024-02-29,201.88,85906970,204.18,205.28,198.4463
2024-02-28,202.04,99806170,200.42,205.3,198.44
2024-02-27,199.73,108645400,204.04,205.6,198.26
2024-02-26,199.4,111747100,192.29,201.78,192.0
2024-02-23,191.97,78841920,195.31,197.57,191.5
2024-02-22,197.41,92739460,194.0,198.32,191.36
2024-02-21,194.77,103844000,193.36,199.44,191.95
2024-02-20,193.76,104545800,196.13,198.6,189.13
2024-02-16,199.95,111346700,202.06,203.17,197.4
2024-02-15,200.45,120831800,189.16,200.88,188.8595
2024-02-14,188.71,81202990,185.3,188.89,183.35
2024-02-13,184.02,86759480,183.99,187.26,182.1087
2024-02-12,188.13,95498600,192.11,194.73,187.28
2024-02-09,193.57,84476350,190.18,194.12,189.48
2024-02-08,189.56,83034040,189.0,191.6171,185.58
2024-02-07,187.58,111535200,188.18,189.79,182.68
2024-02-06,185.1,122676000,177.21,186.49,177.11
2024-02-05,181.06,134294400,184.26,184.68,175.01
2024-02-02,187.91,110612700,185.04,188.69,182.0
2024-02-01,188.86,91843280,188.5,189.88,184.28
2024-01-31,187.29,103221400,186.995,193.97,185.8459
2024-01-30,191.59,109982300,195.33,196.3593,190.61
2024-01-29,190.93,125013100,185.63,191.48,183.67
2024-01-26,183.25,107343200,185.5,186.78,182.1
2024-01-25,182.63,198076800,189.7,193.0,180.06
2024-01-24,207.83,123369900,211.88,212.73,206.77
2024-01-23,209.14,106605900,211.3,215.65,207.7516
2024-01-22,208.8,117952500,212.26,217.8,206.27
2024-01-19,212.19,102260300,209.99,213.19,207.56
2024-01-18,211.88,108595400,216.88,217.45,208.74
2024-01-17,215.55,103164400,214.86,215.67,212.01
2024-01-16,219.91,115355000,215.1,223.49,212.18
2024-01-12,218.89,123043800,220.08,225.34,217.1501
2024-01-11,227.22,105873600,230.57,230.93,225.37
2024-01-10,233.94,91628500,235.1,235.5,231.29
2024-01-09,234.96,96705660,238.11,238.9646,232.04
2024-01-08,240.45,85166580,236.14,241.25,235.3
2024-01-05,237.49,92488940,236.86,240.1196,234.9001
2024-01-04,237.93,102629300,239.25,242.7,237.73
2024-01-03,238.45,121082600,244.98,245.68,236.32
2024-01-02,248.42,104654200,250.08,251.25,244.41
2023-12-29,248.48,100891600,255.1,255.19,247.43
2023-12-28,253.18,113619900,263.66,265.13,252.71
2023-12-27,261.44,106494400,258.35,263.34,257.52
2023-12-26,256.61,86892380,254.49,257.97,252.91
2023-12-22,252.54,93370090,256.76,258.22,251.37
2023-12-21,254.5,109594200,251.9,254.7999,248.55
2023-12-20,247.14,125097000,256.41,259.84,247.0
2023-12-19,257.22,106737400,253.48,258.3399,253.01
2023-12-18,252.08,116416500,253.78,258.74,251.36
2023-12-15,253.5,135932800,251.21,254.13,248.3
2023-12-14,251.05,160829200,241.22,253.88,240.79
2023-12-13,239.29,146286300,234.19,240.3,228.2
2023-12-12,237.01,95328310,238.55,238.99,233.87
2023-12-11,239.74,97913890,242.74,243.441,237.45
2023-12-08,243.84,103126800,240.27,245.27,239.2701
2023-12-07,242.64,107142300,241.55,244.08,236.98
2023-12-06,239.37,126436200,242.92,246.57,239.1709
2023-12-05,238.72,137971100,233.87,246.66,233.7
2023-12-04,235.58,104099800,235.75,239.3733,233.2902
2023-12-01,238.83,121331700,233.14,240.19,231.9
2023-11-30,240.08,132353200,245.14,245.22,236.91
2023-11-29,244.14,135401300,249.21,252.75,242.76
2023-11-28,246.72,148549900,236.68,247.0,234.01
2023-11-27,236.08,112031800,236.89,238.33,232.1
2023-11-24,235.45,65125200,233.75,238.75,232.33
2023-11-22,234.21,118117100,242.04,244.01,231.4
2023-11-21,241.2,122288000,235.04,243.62,233.34
2023-11-20,235.6,116562400,234.04,237.1,231.02
2023-11-17,234.3,142766200,232.0,237.39,226.54
2023-11-16,233.59,136816800,239.49,240.88,230.96
2023-11-15,242.84,150354000,239.29,246.7,236.45
2023-11-14,237.41,149771600,235.03,238.135,230.72
2023-11-13,223.71,140447600,215.6,225.4,211.6101
2023-11-10,214.65,131310100,210.03,215.38,205.69
2023-11-09,209.98,142110500,219.75,220.8,206.68
2023-11-08,222.11,106584800,223.15,224.15,217.64
2023-11-07,222.18,116900100,219.98,223.12,215.72
2023-11-06,219.27,117335800,223.98,226.32,215.0
2023-11-03,219.96,119534800,221.15,226.3701,218.4
2023-11-02,218.51,125987600,212.97,219.2,211.45
2023-11-01,205.66,121661700,204.04,205.99,197.85
2023-10-31,200.84,118068300,196.12,202.8,194.07
2023-10-30,197.36,136448200,209.28,210.88,194.67
2023-10-27,207.3,94881170,210.6,212.41,205.77
2023-10-26,205.76,115112600,211.32,214.8,204.88
2023-10-25,212.42,107065100,215.88,220.1,212.2
2023-10-24,216.52,118231100,216.5,222.05,214.11
2023-10-23,212.08,150683400,210.0,216.98,202.51
2023-10-20,211.99,138010100,217.01,218.8606,210.42
2023-10-19,220.11,170772700,225.95,230.61,216.78
2023-10-18,242.68,125147800,252.7,254.63,242.08
2023-10-17,254.85,93562910,250.1,257.183,247.08
2023-10-16,253.92,88917180,250.05,255.3999,248.48
2023-10-13,251.12,102296800,258.9,259.6,250.22
2023-10-12,258.87,111508100,262.92,265.41,256.6307
2023-10-11,262.99,103706300,266.2,268.6,260.9
2023-10-10,263.62,122656000,257.75,268.94,257.65
2023-10-09,259.67,101377900,255.31,261.36,252.05
2023-10-06,260.53,118121800,253.98,261.65,250.65
2023-10-05,260.05,119159200,260.0,263.6,256.25
2023-10-04,261.16,129721600,248.14,261.86,247.6
2023-10-03,246.53,101985300,248.61,250.02,244.45
2023-10-02,251.6,123810400,244.81,254.2799,242.62
2023-09-29,250.22,128522700,250.0,254.77,246.35
2023-09-28,246.38,117058900,240.02,247.55,238.65
2023-09-27,240.5,136597200,244.262,245.33,234.58
2023-09-26,244.12,101993600,242.98,249.55,241.6601
2023-09-25,246.99,104636600,243.38,247.1,238.31
2023-09-22,244.88,127524100,257.4,257.7888,244.48
2023-09-21,255.7,119951500,257.85,260.86,254.21
2023-09-20,262.59,122514600,267.04,273.93,262.4606
2023-09-19,266.5,103704000,264.35,267.85,261.2
2023-09-18,265.28,101543300,271.16,271.44,263.7601
2023-09-15,274.39,133692300,277.55,278.98,271.0
2023-09-14,276.04,107709800,271.32,276.7094,270.42
2023-09-13,271.3,111673700,270.07,274.98,268.1
2023-09-12,267.48,135999900,270.76,278.39,266.6
2023-09-11,273.58,174667900,264.27,274.85,260.61
2023-09-08,248.5,118559600,251.22,256.52,246.67
2023-09-07,251.49,115312900,245.07,252.81,243.265
2023-09-06,251.92,116959800,255.135,255.39,245.06
2023-09-05,256.49,129469600,245.0,258.0,244.86
2023-09-01,245.01,132541600,257.26,259.0794,242.01
2023-08-31,258.08,108861700,255.98,261.18,255.05
2023-08-30,256.9,121988400,254.2,260.51,250.59
2023-08-29,257.18,134047600,238.58,257.48,237.77
2023-08-28,238.82,107673700,242.58,244.38,235.35
2023-08-25,238.59,106612200,231.31,239.0,230.35
2023-08-24,230.04,99777430,238.66,238.92,228.1801
2023-08-23,236.86,101077600,229.34,238.98,229.29
2023-08-22,233.19,130597900,240.25,240.82,229.55
2023-08-21,231.28,135702700,221.5512,232.1343,220.58
2023-08-18,215.49,136276600,214.12,217.58,212.36
2023-08-17,219.22,120718400,226.06,226.74,218.83
2023-08-16,225.6,112484500,228.02,233.97,225.38
2023-08-15,232.96,88197600,238.73,240.5,232.61
2023-08-14,239.76,98595330,235.7,240.66,233.75
2023-08-11,242.65,99038640,241.77,243.79,238.02
2023-08-10,245.34,109498600,245.4,251.8,243.0
2023-08-09,242.19,101596300,250.87,251.1,241.9
2023-08-08,249.7,96642180,247.45,250.92,245.01
2023-08-07,251.45,111097900,251.45,253.6511,242.76
2023-08-04,253.86,99539910,260.97,264.77,253.11
2023-08-03,259.32,97829550,252.04,260.49,252.0
2023-08-02,254.11,101752900,255.57,259.52,250.49
2023-08-01,261.07,83645720,266.26,266.47,260.25
2023-07-31,267.43,84582170,267.48,269.08,263.78
2023-07-28,266.44,111446000,259.86,267.25,258.2312
2023-07-27,255.71,103697300,268.31,269.13,255.3
2023-07-26,264.35,95856180,263.25,268.04,261.75
2023-07-25,265.28,112757300,272.38,272.9,265.0
2023-07-24,269.06,137005000,255.85,269.85,254.12
2023-07-21,260.02,161796100,268.0,268.0,255.8
2023-07-20,262.9,175158300,279.56,280.93,261.2
2023-07-19,291.26,142355400,296.04,299.29,289.5201
2023-07-18,293.34,112434700,290.15,295.26,286.01
2023-07-17,290.38,131569600,286.625,292.23,283.57
2023-07-14,281.38,120062400,277.01,285.3,276.31
2023-07-13,277.9,112681500,274.59,279.45,270.6
2023-07-12,271.99,95672140,276.325,276.52,271.46
2023-07-11,269.79,91972360,268.65,270.9,266.37
2023-07-10,269.61,119425400,276.47,277.52,265.1
2023-07-07,274.43,113879200,278.43,280.78,273.77
2023-07-06,276.54,120707400,278.09,279.97,272.88
2023-07-05,282.48,131530900,278.82,283.85,277.6
2023-07-03,279.82,118999000,276.49,284.25,275.11
2023-06-30,261.77,112620800,260.6,264.45,259.89
2023-06-29,257.5,131283400,258.03,260.74,253.61
2023-06-28,256.24,159770800,249.7,259.88,248.89
2023-06-27,250.21,164968200,243.24,250.3899,240.85
2023-06-26,241.05,179990600,250.065,258.37,240.7
2023-06-23,256.6,177460800,259.29,262.45,252.8
2023-06-22,264.61,166875900,250.77,265.0,248.25
2023-06-21,259.46,211797100,275.13,276.99,257.78
2023-06-20,274.45,165611200,261.5,274.75,261.12
2023-06-16,260.54,167915600,258.92,263.6,257.2091
2023-06-15,255.9,160171200,248.4,258.95,247.29
2023-06-14,256.79,170575500,260.17,261.57,250.5
2023-06-13,258.71,162384300,253.51,259.68,251.34
2023-06-12,249.83,150740500,247.94,250.97,244.59
2023-06-09,244.4,200242400,249.07,252.42,242.02
2023-06-08,234.86,164489700,224.22,235.23,223.01
2023-06-07,224.57,185710800,228.0,230.8296,223.2
2023-06-06,221.31,146911600,216.14,221.91,212.53
2023-06-05,217.61,151143100,217.8,221.29,214.52
2023-06-02,213.97,164398400,210.15,217.25,209.752
2023-06-01,207.52,148029900,202.59,209.8,199.37
2023-05-31,203.93,150711700,199.78,203.95,195.12
2023-05-30,201.16,128818700,200.1,204.48,197.53
2023-05-26,193.17,162061500,184.62,198.6,184.53
2023-05-25,184.47,96870720,186.54,186.78,180.58
2023-05-24,182.9,137605100,182.23,184.22,178.22
2023-05-23,185.77,156952100,186.2,192.96,185.26
2023-05-22,188.87,132001400,180.7,189.32,180.11
2023-05-19,180.14,136196700,177.17,181.95,176.31
2023-05-18,176.89,109520300,174.22,177.06,172.45
2023-05-17,173.86,125473600,168.41,174.5,167.185
2023-05-16,166.52,98288790,165.65,169.5184,164.35
2023-05-15,166.35,105592500,167.655,169.76,164.5499
2023-05-12,167.98,157849600,176.07,177.38,167.23
2023-05-11,172.08,103889900,168.7,173.57,166.79
2023-05-10,168.54,119840700,172.55,174.43,166.68
2023-05-09,169.15,88965040,168.95,169.82,166.56
2023-05-08,171.79,112249400,173.72,173.8,169.19
2023-05-05,170.06,107607300,163.97,170.7899,163.51
2023-05-04,161.2,95108490,162.71,162.95,159.65
2023-05-03,160.61,119728000,160.01,165.0,159.91
2023-05-02,160.31,128259700,161.88,165.49,158.93
2023-05-01,161.83,109015000,163.17,163.28,158.83
2023-04-28,164.31,122515800,160.9,165.0,157.32
2023-04-27,160.19,127015200,152.64,160.48,152.37
2023-04-26,153.75,153364100,160.29,160.67,153.14
2023-04-25,160.67,121999300,159.82,163.47,158.75
2023-04-24,162.55,140006600,164.65,165.65,158.61
2023-04-21,165.08,123539000,164.8,166.0,161.3208
2023-04-20,162.99,210970800,166.165,169.7,160.56
2023-04-19,180.59,125732700,179.1,183.5,177.65
2023-04-18,184.31,92067020,187.15,187.69,183.5775
2023-04-17,187.04,116662200,186.32,189.69,182.69
2023-04-14,185.0,96438660,183.95,186.28,182.01
2023-04-13,185.9,112933000,182.955,186.5,180.94
2023-04-12,180.54,150256300,190.74,191.5846,180.31
2023-04-11,186.79,115770900,186.69,189.19,185.6475
2023-04-10,184.51,142154600,179.94,185.1,176.11
2023-04-06,185.06,123857900,183.08,186.39,179.74
2023-04-05,185.52,133882500,190.515,190.68,183.76
2023-04-04,192.58,126463800,197.32,198.7446,190.32
2023-04-03,194.77,169545900,199.91,202.6897,192.2
2023-03-31,207.46,170222100,197.53,207.79,197.2
2023-03-30,195.28,110252200,195.58,197.33,194.42
2023-03-29,193.88,123660000,193.13,195.29,189.44
2023-03-28,189.19,98654640,192.0,192.35,185.43
2023-03-27,191.81,120851600,194.415,197.39,189.94
2023-03-24,190.41,116531600,191.65,192.36,187.15
2023-03-23,192.22,144193900,195.26,199.31,188.65
2023-03-22,191.15,150376400,199.3,200.66,190.95
2023-03-21,197.58,153391400,188.28,198.0,188.04
2023-03-20,183.25,129684400,178.08,186.44,176.35
2023-03-17,180.13,133197100,184.515,186.2199,177.33
2023-03-16,184.13,121374500,180.365,185.81,178.84
2023-03-15,180.45,145995600,180.8,182.34,176.03
2023-03-14,183.26,143717900,177.31,183.8,177.1401
2023-03-13,174.48,167790300,167.455,177.35,163.91
2023-03-10,173.44,191488900,175.13,178.29,168.44
2023-03-09,172.92,170023800,180.25,185.18,172.5124
2023-03-08,182.0,151897800,185.04,186.5,180.0
2023-03-07,187.71,148125800,191.38,194.2,186.1
2023-03-06,193.81,128100100,198.54,198.6,192.3
2023-03-03,197.79,154193300,194.795,200.48,192.88
2023-03-02,190.9,181979200,186.74,193.7499,186.01
2023-03-01,202.77,156852800,206.21,207.2,198.52
2023-02-28,205.71,153144900,210.59,211.23,203.75
2023-02-27,207.63,161028300,202.03,209.42,201.26
2023-02-24,196.88,142228100,196.325,197.6695,192.8
2023-02-23,202.07,146360000,203.91,205.14,196.33
2023-02-22,200.86,191828500,197.93,201.99,191.78
2023-02-21,197.37,180018600,204.99,209.71,197.22
2023-02-17,208.31,213738500,199.985,208.44,197.5
2023-02-16,202.04,229586500,210.78,217.65,201.84
2023-02-15,214.24,182108600,211.755,214.66,206.11
2023-02-14,209.25,216455700,191.94,209.82,189.44
2023-02-13,194.64,172475500,194.415,196.3,187.61
2023-02-10,196.89,204754100,202.225,206.2,192.89
2023-02-09,207.32,215431400,207.775,214.0,204.77
2023-02-08,201.29,180673600,196.1,203.0,194.31
2023-02-07,196.81,186010300,196.43,197.5,189.55
2023-02-06,194.76,186188100,193.01,198.17,189.92
2023-02-03,189.98,232662000,183.95,199.0,183.69
2023-02-02,188.27,217448300,187.325,196.7501,182.61
2023-02-01,181.41,213806300,173.89,183.805,169.93
2023-01-31,173.22,196813500,164.57,174.3,162.78
2023-01-30,166.66,230878800,178.05,179.77,166.5
2023-01-27,177.9,306590600,162.43,180.68,161.17
2023-01-26,160.27,234815100,159.965,161.42,154.76
2023-01-25,144.43,192734300,141.905,146.41,138.07
2023-01-24,143.89,158699100,143.0,146.5,141.1
2023-01-23,143.75,203119200,135.87,145.3793,134.27
2023-01-20,133.42,138858100,128.68,133.51,127.3466
2023-01-19,127.17,170291900,127.26,129.99,124.3082
2023-01-18,128.78,195680300,136.555,136.68,127.01
2023-01-17,131.49,186477000,125.695,131.7,125.02
2023-01-13,122.4,180714100,116.55,122.63,115.6
2023-01-12,123.56,169400900,122.56,124.1311,117.0
2023-01-11,123.22,183810800,122.09,125.95,120.51
2023-01-10,118.85,167642500,121.07,122.76,114.92
2023-01-09,119.77,190284000,118.96,123.52,117.11
2023-01-06,113.06,220911100,103.0,114.39,101.81
2023-01-05,110.34,157986300,110.51,111.75,107.1601
2023-01-04,113.64,180389000,109.11,114.59,107.52
2023-01-03,108.1,231402800,118.47,118.8,104.64
2022-12-30,123.18,157777300,119.95,124.48,119.75
2022-12-29,121.82,221923300,120.385,123.57,117.495
2022-12-28,112.71,221070500,110.35,116.27,108.24
2022-12-27,109.1,208643400,117.495,119.67,108.76
2022-12-23,123.15,166989700,126.37,128.6173,121.02
2022-12-22,125.35,210090300,136.0,136.63,122.26
2022-12-21,137.57,145417400,139.335,141.26,135.89
2022-12-20,137.8,159563300,146.05,148.47,137.66
2022-12-19,149.87,139390600,154.0,155.25,145.82
2022-12-16,150.23,139032200,159.635,160.99,150.04
2022-12-15,157.67,122334500,153.44,160.9299,153.28
2022-12-14,156.8,140682300,159.25,161.62,155.31
2022-12-13,160.95,175862700,174.87,175.05,156.91
2022-12-12,167.82,109794500,176.1,177.37,167.52
2022-12-09,179.05,104872300,173.84,182.5,173.36
2022-12-08,173.44,97624490,172.2,175.2,169.06
2022-12-07,174.04,84213280,175.03,179.38,172.218
2022-12-06,179.82,92150820,181.215,183.65,175.33
2022-12-05,182.45,93122670,189.44,191.27,180.55
2022-12-02,194.86,73645920,191.78,196.25,191.11
2022-12-01,194.7,80046210,197.08,198.92,191.8
2022-11-30,194.7,109186400,182.43,194.76,180.6301
2022-11-29,180.83,83357110,184.99,186.38,178.75
2022-11-28,182.92,93038150,179.96,188.5,179.0
2022-11-25,182.86,50672740,185.06,185.2,180.63
2022-11-23,183.2,109536700,173.57,183.62,172.5
2022-11-22,169.91,78452330,168.63,170.92,166.185
2022-11-21,167.87,92882710,175.85,176.77,167.54
2022-11-18,180.19,76048870,185.05,185.19,176.55
2022-11-17,183.17,64335970,183.96,186.16,180.9
2022-11-16,186.92,66567600,191.51,192.57,185.66
2022-11-15,194.42,91293790,195.88,200.8237,192.06
2022-11-14,190.95,92226650,192.77,195.73,186.34
2022-11-11,195.97,114403600,186.0,196.52,182.59
2022-11-10,190.72,132703000,189.9,191.0,180.03
2022-11-09,177.59,127062700,190.775,195.89,177.12
2022-11-08,191.3,128803400,194.02,195.2,186.75
2022-11-07,197.08,93916520,208.65,208.9,196.66
2022-11-04,207.47,98622210,222.6,223.8,203.08
2022-11-03,215.31,56538850,211.36,221.2,210.14
2022-11-02,214.98,63070290,226.04,227.8699,214.82
2022-11-01,227.82,62688820,234.05,237.3951,227.28
2022-10-31,227.54,61554340,226.19,229.85,221.94
2022-10-28,228.52,69152390,225.4,228.86,216.35
2022-10-27,225.09,61638820,229.77,233.81,222.85
2022-10-26,224.64,85327080,219.4,230.6,218.2
2022-10-25,222.415,96507870,210.1,224.3498,210.0
2022-10-24,211.25,100446800,205.82,213.5,198.5863
2022-10-21,214.44,75713750,206.415,214.66,203.8
2022-10-20,207.28,117798100,208.28,215.55,202.0
2022-10-19,222.04,66571480,219.8,222.93,217.78
2022-10-18,220.19,75891910,229.5,229.82,217.25
2022-10-17,219.35,79428810,210.04,221.86,209.45
2022-10-14,204.99,94124510,224.01,226.26,204.16
2022-10-13,221.72,91483050,208.3,222.99,206.22
2022-10-12,217.24,66860700,215.33,219.2999,211.51
2022-10-11,216.5,77013200,220.945,225.75,215.0
2022-10-10,222.96,67925020,223.93,226.99,218.3582
2022-10-07,223.07,83916800,233.935,234.5715,222.02
2022-10-06,238.13,69298440,239.44,244.58,235.35
2022-10-05,240.81,86982670,245.01,246.6697,233.27
2022-10-04,249.44,109578500,250.52,257.5,242.01
2022-10-03,242.4,98363540,254.5,255.16,241.01
2022-09-30,265.25,67726600,266.145,275.57,262.47
2022-09-29,268.21,77620640,282.76,283.65,265.78
2022-09-28,287.81,54664810,283.08,289.0,277.57
2022-09-27,282.94,61925190,283.84,288.67,277.51
2022-09-26,276.01,58076910,271.83,284.09,270.31
2022-09-23,275.33,63748360,283.09,284.5,272.82
2022-09-22,288.59,70545410,299.86,301.29,285.82
2022-09-21,300.8,62555660,308.29,313.8,300.63
2022-09-20,308.73,61642780,306.91,313.33,305.58
2022-09-19,309.07,60231160,300.09,309.84,297.8
2022-09-16,303.35,87087790,299.605,303.71,295.6005
2022-09-15,303.75,64795520,301.825,309.12,300.7247
2022-09-14,302.61,72628650,292.24,306.0,291.64
2022-09-13,292.13,68229620,292.9,297.3999,290.4
2022-09-12,304.42,48674600,300.72,305.49,300.4
2022-09-09,299.68,54470850,291.67,299.85,291.245
2022-09-08,289.26,53713120,281.3,289.5,279.76
2022-09-07,283.7,50028920,273.1,283.84,272.27
2022-09-06,274.42,55859980,272.675,275.99,265.74
2022-09-02,270.21,50890090,281.065,282.35,269.08
2022-09-01,277.16,54287020,272.575,277.58,266.15
2022-08-31,275.61,52107340,280.62,281.25,271.81
2022-08-30,277.7,50541760,287.865,288.48,272.65
2022-08-29,284.82,41864740,282.83,287.74,280.7
2022-08-26,288.09,57163950,297.43,302.0,287.47
2022-08-25,296.07,53230010,302.36,302.96,291.6
2022-08-24,297.0966,57259716,297.5633,303.6466,296.5
2022-08-23,296.4533,63985056,291.4533,298.8266,287.9233
2022-08-22,289.9133,55843356,291.9133,292.4,286.2966
2022-08-19,296.6666,61395396,299.0,300.36,292.5
2022-08-18,302.87,47500535,306.0,306.5,301.8533
2022-08-17,303.9966,68765977,303.3966,309.6566,300.0333
2022-08-16,306.5633,88136319,311.6666,314.6666,302.8833
2022-08-15,309.32,89359179,301.7866,313.1333,301.23
2022-08-12,300.03,79657298,289.415,300.16,285.0333
2022-08-11,286.63,70155067,296.5133,298.2366,285.8333
2022-08-10,294.3566,94918869,297.0666,297.51,283.37
2022-08-09,283.3333,86244699,290.2933,292.3966,279.3533
2022-08-08,290.4233,99365290,295.0,305.2,289.0854
2022-08-05,288.17,113172911,302.67,304.6066,285.5446
2022-08-04,308.6333,72256327,311.0,313.6066,305.0
2022-08-03,307.3966,80091128,305.0,309.55,301.15
2022-08-02,300.5866,95577490,294.0033,307.8333,292.6666
2022-08-01,297.2766,117042912,301.275,311.8782,295.0
2022-07-29,297.15,95312890,280.7,298.32,279.1
2022-07-28,280.9,84723008,280.0666,283.3,272.8
2022-07-27,274.82,88110009,263.81,275.9256,261.79
2022-07-26,258.86,66820777,266.5133,267.3099,256.2633
2022-07-25,268.4333,64073526,272.2166,274.1466,267.4
2022-07-22,272.2433,103472860,276.22,280.7866,270.7133
2022-07-21,271.7066,142032194,255.1066,273.2666,254.8666
2022-07-20,247.5,88864089,246.7833,250.6633,243.483
2022-07-19,245.53,80890118,245.0,247.14,236.9766
2022-07-18,240.5466,82537448,244.9366,250.5166,239.6033
2022-07-15,240.0666,69683017,240.0,243.6233,236.89
2022-07-14,238.3133,78557498,234.8966,238.6533,229.3333
2022-07-13,237.04,97954510,225.5,242.0599,225.0333
2022-07-12,233.07,87930969,236.8466,239.7733,228.3683
2022-07-11,234.3433,99509230,252.1033,253.0633,233.6266
2022-07-08,250.7633,101854090,242.3333,254.9799,241.1614
2022-07-07,244.5433,81930698,233.92,245.3616,232.21
2022-07-06,231.7333,71853637,230.78,234.5633,227.1866
2022-07-05,233.0666,84779108,223.0,233.1466,216.1667
2022-07-01,227.2633,74460457,227.0,230.23,222.12
2022-06-30,224.4733,94600449,224.51,229.4566,218.8633
2022-06-29,228.49,82897268,230.5,231.1733,222.2733
2022-06-28,232.6633,90666519,244.4833,249.97,232.3433
2022-06-27,244.92,89178309,249.3666,252.07,242.5655
2022-06-24,245.7066,95770720,237.4683,246.0666,236.0866
2022-06-23,235.07,104202700,237.905,239.3166,228.6366
2022-06-22,236.0866,101527270,234.5033,246.8333,233.8266
2022-06-21,237.0366,122792982,224.6033,243.5773,224.3333
2022-06-17,216.76,92641779,213.4333,220.9694,213.1966
2022-06-16,213.1,107390711,222.7366,225.1666,208.6933
2022-06-15,233.0,119131962,220.9166,235.6633,218.15
2022-06-14,220.89,97988800,218.2866,226.33,211.7366
2022-06-13,215.7366,102767260,223.1666,226.6333,214.6833
2022-06-10,232.23,98090920,235.1566,239.5,227.9133
2022-06-09,239.7066,96491320,249.34,255.5466,239.3266
2022-06-08,241.8666,76210628,240.0866,249.9633,239.1766
2022-06-07,238.8866,72808597,234.0,239.9966,230.0933
2022-06-06,238.28,84204518,244.3533,244.8666,234.35
2022-06-03,234.5166,112393751,243.225,247.7966,233.4178
2022-06-02,258.3333,93473139,244.1566,264.21,242.0666
2022-06-01,246.79,77247968,251.72,257.3266,243.64
2022-05-31,252.7533,101914390,257.9466,259.6,244.7433
2022-05-27,253.21,89294979,241.0833,253.2666,240.177
2022-05-26,235.91,106003361,220.4733,239.5566,217.8866
2022-05-25,219.6,92139339,207.95,223.1066,207.67
2022-05-24,209.3866,89092539,217.8433,217.9733,206.8566
2022-05-23,224.9666,88903659,218.34,226.6517,212.6866
2022-05-20,221.3,144973334,237.9966,240.5273,211.0
2022-05-19,236.4733,90296679,235.6666,244.6666,231.37
2022-05-18,236.6033,87811809,248.1733,253.5,233.6033
2022-05-17,253.87,80236118,249.12,254.8266,242.95
2022-05-16,241.4566,86098539,255.72,256.5866,239.6961
2022-05-13,256.53,92150739,257.8266,262.4499,250.5216
2022-05-12,242.6666,140312864,233.6666,253.22,226.6666
2022-05-11,244.6666,97224460,265.0,269.9233,242.4
2022-05-10,266.68,84401648,273.1033,275.12,258.0833
2022-05-09,262.37,90810219,278.8166,281.8766,260.3833
2022-05-06,288.55,72903127,295.6666,296.0,281.035
2022-05-05,291.0933,92519199,313.07,315.2,285.9
2022-05-04,317.54,81643718,301.3133,318.5,295.0933
2022-05-03,303.0833,63709596,301.06,308.0266,296.1966
2022-05-02,300.98,75781388,286.9233,302.1199,282.6766
2022-04-29,290.2533,88133019,300.75,311.4666,290.0
2022-04-28,292.5033,124948542,299.9933,300.0,273.9
2022-04-27,293.8366,76956398,299.5266,306.0,292.4533
2022-04-26,292.14,136133684,331.81,333.3333,291.6666
2022-04-25,332.6733,68341357,326.3233,336.2066,325.1
2022-04-22,335.0166,69696577,338.3033,344.95,331.3333
2022-04-20,325.7333,70711327,343.3333,344.6666,325.0833
2022-04-19,342.7166,49847825,335.02,344.98,331.775
2022-04-18,334.7633,51715235,329.6766,338.3066,324.47
2022-04-14,328.3333,58422426,333.0966,337.5699,327.3966
2022-04-13,340.79,55121226,327.025,342.08,324.3656
2022-04-12,328.9833,65976097,332.5466,340.3973,325.5333
2022-04-11,325.31,59357226,326.8,336.156,324.88
2022-03-25,336.88,62031546,336.0,340.5999,332.44
2022-03-24,337.9733,68920897,336.5766,341.4966,329.6
2022-03-23,333.0366,120676152,326.6466,346.9,325.4666
2022-03-22,331.3266,105868571,310.0,332.62,307.25
2022-03-21,307.0533,81981668,304.9933,314.2833,302.3633
2022-03-18,301.7966,100414210,291.4966,302.6166,289.13
2022-03-17,290.5333,66582967,276.9966,291.6666,275.2392
2022-03-16,280.0766,84028838,269.6666,280.6666,267.42
2022-03-15,267.2966,66841147,258.4233,268.5233,252.19
2022-03-14,255.4566,71152267,260.2033,266.9,252.0133
2022-03-11,265.1166,67037167,280.0656,281.2673,264.59
2022-03-10,279.4333,58648656,283.8166,284.8166,270.12
2022-03-09,286.3233,59183976,279.8266,286.8533,277.3366
2022-03-08,274.8,80399108,265.1766,283.33,260.7233
2022-03-07,268.1933,72494167,285.4333,288.7133,268.19
2022-03-04,279.43,67179877,283.0333,285.2166,275.0536
2022-03-03,279.7633,61623516,292.9233,295.4796,277.5333
2022-03-02,293.2966,74643457,290.71,295.4933,281.424
2022-03-01,288.1233,74766877,289.8933,296.6266,284.5933
2022-02-28,290.1433,99006880,271.67,292.2866,271.5691
2022-02-25,269.9566,76067768,269.7433,273.1666,260.8001
2022-02-24,266.9233,135322304,233.4633,267.4933,233.3333
2022-02-23,254.68,95257030,276.81,278.4332,253.52
2022-02-22,273.8433,83288198,278.0433,285.5779,267.0333
2022-02-18,285.66,68501857,295.3333,295.6233,279.2033
2022-02-17,292.1166,55178436,304.42,306.1666,291.3666
2022-02-16,307.7966,51294395,304.6833,308.8099,300.4033
2022-02-15,307.4766,57649536,300.0,307.6666,297.7924
2022-02-14,291.92,67756417,287.19,299.6266,284.3833
2022-02-11,286.6666,79645868,303.21,305.32,283.5666
2022-02-10,301.5166,66126847,302.79,314.6033,298.9
2022-02-09,310.6666,52259555,311.6666,315.4233,306.6666
2022-02-08,307.3333,50729015,301.8433,308.7633,298.2666
2022-02-07,302.4466,60994476,307.93,315.9233,300.9029
2022-02-04,307.7733,73625467,299.0733,312.1666,293.7233
2022-02-03,297.0466,78855578,294.0,312.3333,293.5066
2022-02-02,301.8866,66793057,309.3933,310.5,296.47
2022-02-01,310.4166,73138357,311.7366,314.5666,301.6666
2022-01-31,312.24,104436100,290.9033,312.6633,287.35
2022-01-28,282.1166,134788963,277.1866,285.8333,264.0033
2022-01-27,276.3666,147109575,311.12,311.7966,276.3333
2022-01-26,312.47,104867290,317.4766,329.23,302.0
2022-01-25,306.1333,86595909,304.7333,317.0866,301.07
2022-01-24,310.0,152375145,301.5866,311.171,283.8233
2022-01-21,314.6333,103416040,332.1133,334.85,313.5
2022-01-20,332.09,70488757,336.5766,347.22,331.3333
2022-01-19,331.8833,75442508,347.235,351.5566,331.6666
2022-01-10,352.7066,91814889,333.3333,353.0333,326.6666
2022-01-07,342.32,84164768,360.1233,360.3099,336.6666
2021-12-23,355.6666,92713299,335.6,357.6589,332.52
2021-12-22,336.29,93634089,321.8866,338.5533,319.0166
2021-12-21,312.8433,71517937,305.6233,313.1666,295.3733
2021-12-20,299.98,56480016,303.5666,307.2294,297.7966
2021-12-17,310.8566,100880260,304.9233,320.2199,303.0133
2021-12-16,308.9733,82771448,331.5,331.66,307.2833
2021-12-15,325.33,75169238,317.7366,326.2499,309.4167
2021-12-14,319.5033,70806277,315.0,322.1366,310.0
2021-12-13,322.1366,78595508,333.6966,335.0,317.14
2021-12-10,339.01,59664366,336.25,340.3265,327.51
2021-12-09,334.6,59438496,353.5466,354.1633,334.12
2021-12-06,336.3366,81663128,333.8366,340.5466,316.8333
2021-11-16,351.5766,79627088,334.4366,352.3999,334.06
2021-11-15,337.7966,104326960,339.21,343.9933,326.2
2021-11-10,355.9833,128408173,336.8033,359.3666,329.1033
2021-10-25,341.62,188556319,316.8433,348.34,314.7333
2021-10-22,303.2266,68642527,298.5,303.3333,296.9866
2021-10-21,298.0,94444359,285.3333,300.0,285.1682
2021-10-20,288.6,42096154,288.45,289.83,285.7933
2021-10-19,288.09,52143395,292.51,292.65,287.5033
2021-10-18,290.0366,72621727,283.93,291.7533,283.8233
2021-10-15,281.01,56773716,274.5793,281.07,274.1166
2021-10-14,272.7733,36741514,271.83,273.4166,271.1167
2021-10-13,270.36,42360244,270.1566,271.8033,268.5933
2021-10-12,268.5733,66060127,266.9766,270.7733,265.5233
2021-10-11,263.98,42600964,262.55,267.08,261.8333
2021-10-08,261.83,50215805,265.4033,265.46,260.3033
2021-10-07,264.5366,57587346,261.82,268.3333,261.1266
2021-10-06,260.9166,43898314,258.7333,262.22,257.74
2021-10-05,260.1966,55297896,261.5986,265.77,258.0666
2021-10-04,260.51,91450029,265.5,268.9899,258.7066
2021-10-01,258.4066,51094235,259.4666,260.26,254.53
2021-09-30,258.4933,53867885,260.3333,263.0435,258.3333
2021-09-29,260.4366,62828646,259.9333,264.5,256.8933
2021-09-28,259.1866,76144268,262.4,265.2133,255.3933
2021-09-27,263.7866,84211988,257.7066,266.3333,256.4366
2021-09-24,258.13,64119066,248.63,258.2666,248.1866
2021-09-23,251.2133,35842594,251.6666,252.7333,249.3066
2021-09-22,250.6466,45378815,247.8421,251.2233,246.3733
2021-09-21,246.46,48992165,244.93,248.2466,243.48
2021-09-20,243.39,74272957,244.8525,247.3333,239.5416
2021-09-17,253.1633,84612548,252.3833,253.68,250.0
2021-09-16,252.33,41770174,250.9433,252.97,249.2033
2021-09-15,251.9433,46073075,248.3333,252.2866,246.12
2021-09-14,248.1633,55574646,247.5233,251.49,245.4666
2021-09-13,247.6666,68857447,246.738,248.26,236.2833
2021-09-10,245.4233,45552515,253.2,254.2033,244.84
2021-09-09,251.62,42233194,251.1366,254.0333,250.5433
2021-09-08,251.29,56379126,253.86,254.8166,246.9244
2021-09-07,250.9733,60119496,246.6666,253.4,246.42
2021-09-03,244.5233,45813155,244.083,244.6666,241.4
2021-09-02,244.13,38390224,244.8333,246.99,243.5133
2021-09-01,244.6966,39613024,244.6933,247.33,243.7567
2021-08-31,245.24,62566326,244.3333,246.7966,242.1466
2021-08-30,243.6366,55812666,238.2383,243.6666,237.5766
2021-08-27,237.3066,41501284,235.0,238.3333,234.0333
2021-08-26,233.72,39642874,236.1033,238.4666,232.54
2021-08-25,237.0666,37936684,235.6766,238.99,234.6666
2021-08-24,236.1633,39249214,236.8933,238.4066,234.2133
2021-08-23,235.4333,60794586,228.4806,237.3766,226.9168
2021-08-20,226.7533,44525614,227.6166,230.7099,224.5666
2021-08-19,224.49,42940474,226.07,228.85,222.53
2021-08-18,229.6633,61048146,223.2493,231.9233,223.1166
2021-08-17,221.9033,71163847,224.22,224.86,216.28
2021-08-16,228.7233,69309907,235.0233,236.5,225.4666
2021-08-13,239.0566,50194415,241.2366,243.3,238.1133
2021-08-12,240.75,53045075,235.4466,240.9333,233.1333
2021-08-11,235.94,29401677,237.57,238.3933,234.7366
2021-08-10,236.6633,40296934,237.9966,238.8633,233.96
2021-08-09,237.92,44146054,236.7233,239.6766,235.0433
2021-08-06,233.0333,46869155,237.3,238.7766,232.5433
2021-08-05,238.21,38758924,238.6666,240.3166,237.1366
2021-08-04,236.9733,51007955,237.0,241.6333,236.31
2021-08-03,236.58,64860756,239.6666,240.8833,233.67
2021-08-02,236.5566,100847320,233.3333,242.3133,232.8
2021-07-30,229.0666,88969239,223.9193,232.51,223.0
2021-07-29,225.7833,91183929,216.5966,227.8966,216.2666
2021-07-28,215.66,48019805,215.665,218.3233,213.1333
2021-07-27,214.9266,98439880,221.1333,222.1666,209.08
2021-07-26,219.2066,76009688,216.99,222.7333,215.7033
2021-07-23,214.46,43814824,215.4533,216.2666,212.4333
2021-07-22,216.42,45317195,218.8142,220.7233,214.8667
2021-07-21,218.43,41860024,219.87,221.6199,216.7633
2021-07-20,220.1666,46461395,217.33,220.7972,213.5003
2021-07-19,215.4066,63891276,209.9633,215.7333,207.0966
2021-07-16,214.74,49112915,218.2266,218.8999,214.0666
2021-07-15,216.8666,60628716,219.4633,222.0466,212.6266
2021-07-14,217.7933,64923576,223.5833,226.2033,217.6133
2021-07-13,222.8466,62898276,228.7733,231.0933,222.0986
2021-07-12,228.5666,77781128,220.7333,229.08,220.7203
2021-07-09,218.9833,54421655,217.7283,219.6366,214.8966
2021-07-08,217.6033,68319967,209.4566,218.1433,206.82
2021-07-07,214.8833,56375886,221.4233,221.9,212.7733
2021-07-06,219.86,69853357,227.2371,228.0,217.1334
2021-07-02,226.3,81292118,226.3266,233.3333,224.42
2021-07-01,225.9733,55903566,227.9733,229.33,224.2666
2021-06-30,226.5666,56774586,226.59,230.9366,226.0466
2021-06-29,226.92,52143935,228.2166,229.1699,225.2966
2021-06-28,229.5733,64884486,223.88,231.5666,223.44
2021-06-25,223.9566,97490140,229.86,231.27,222.9
2021-06-24,226.6066,137947184,224.9966,232.54,222.5366
2021-06-23,218.8566,93297699,210.6666,219.068,210.0133
2021-06-22,207.9033,57476676,206.0833,209.5231,205.1666
2021-06-21,206.9433,74438227,208.16,210.4633,202.96
2021-06-18,207.77,73682737,204.4566,209.45,203.9333
2021-06-17,205.5333,68104057,200.6293,207.1566,200.4466
2021-06-16,201.6233,66432397,199.1783,202.8333,197.8333
2021-06-15,199.7866,53292455,205.5633,205.5966,199.41
2021-06-14,205.8966,61271946,204.0766,208.4966,203.06
2021-06-11,203.2966,48615905,203.41,204.1866,200.5066
2021-06-10,203.3733,71758837,201.2933,205.53,200.1666
2021-06-09,199.5933,49753715,200.7233,203.93,199.21
2021-06-08,201.1966,78160238,207.67,207.6966,198.5
2021-06-07,201.71,67631047,197.275,203.3333,194.2933
2021-06-04,199.6833,72110707,193.2366,200.2033,192.4
2021-06-03,190.9466,90335679,200.6,201.5166,190.4066
2021-06-02,201.7066,69908347,206.71,207.7866,199.7133
2021-06-01,207.9666,54254675,209.2666,211.2666,206.85
2021-05-28,208.4066,68211127,209.5,211.8633,207.46
2021-05-27,210.2833,79111778,206.7466,210.3766,205.4033
2021-05-26,206.3766,85917939,202.52,208.7233,200.5
2021-05-25,201.5633,84017798,202.4366,204.6633,198.57
2021-05-24,202.1466,103674280,193.8666,204.8266,191.2166
2021-05-21,193.6266,78091808,198.7033,198.8933,193.3333
2021-05-20,195.5933,92463369,191.6666,196.2833,190.3566
2021-05-19,187.82,118735212,184.1833,188.7366,182.3266
2021-05-18,192.6233,110491721,189.3333,198.75,187.7933
2021-05-17,192.2766,96743410,191.851,196.5766,187.0666
2021-05-14,196.58,100112590,194.47,197.6233,190.1533
2021-05-13,190.5633,132554773,200.515,202.1533,186.55
2021-05-12,196.63,101470960,200.83,206.8033,195.5883
2021-05-11,205.7333,139511714,199.7466,209.0333,198.5333
2021-05-10,209.68,94177269,221.6333,221.6833,209.2033
2021-05-07,224.1233,70407517,221.9333,230.0,220.0733
2021-05-06,221.18,83353868,226.92,227.0066,216.6666
2021-05-05,223.6466,65705677,227.02,228.4318,222.4466
2021-05-04,224.5333,89217969,226.3133,227.8154,219.2336
2021-05-03,228.3,81129428,234.6,235.3333,226.8333
2021-04-30,236.48,122276172,222.53,238.49,222.0466
2021-04-29,225.6666,86536359,233.17,234.0833,222.8334
2021-04-28,231.4666,66813157,232.1366,236.1666,231.2
2021-04-27,234.9133,88311009,239.32,241.3333,234.45
2021-04-26,246.0666,93115509,247.0,249.7666,244.2017
2021-04-23,243.1333,85241679,239.9333,245.7866,238.4866
2021-04-22,239.8966,106770791,247.1666,251.2566,239.3466
2021-04-21,248.04,93646539,234.9233,248.28,232.6666
2021-04-20,239.6633,106827131,239.14,245.75,236.895
2021-04-19,238.21,119058702,239.8666,241.8,230.6
2021-04-16,246.5933,83938598,242.8833,249.8033,241.5333
2021-04-15,246.2833,83546708,247.7,247.8966,240.4366
2021-04-14,244.0766,147052305,256.9,260.2633,242.6766
2021-04-13,254.1066,133958443,237.5666,254.3333,236.8866
2021-04-12,233.9933,87407019,228.5666,234.9333,227.3633
2021-04-09,225.6733,64311276,225.9233,226.99,223.1433
2021-04-08,227.9333,71772997,225.7933,229.8499,223.8816
2021-04-07,223.6566,78928298,229.0,230.46,222.6133
2021-04-06,230.54,84815528,230.1,232.1833,227.1233
2021-04-05,230.35,125528323,235.9033,236.0533,228.2333
2021-04-01,220.5833,105895151,229.4566,230.8067,219.8066
2021-03-31,222.6433,100011880,215.54,224.0,213.7033
2021-03-30,211.8733,118297092,200.5833,212.5533,197.0033
2021-03-29,203.7633,85910979,205.2133,205.4933,198.6733
2021-03-26,206.2366,101558500,213.9566,214.6066,199.9633
2021-03-25,213.4633,117674562,204.3333,215.1666,203.1666
2021-03-24,210.09,101385520,222.6366,222.6733,210.0366
2021-03-23,220.72,91475619,225.2566,225.9333,219.17
2021-03-22,223.3333,118536672,228.1966,233.2066,222.9166
2021-03-19,218.29,128681953,215.5333,219.0766,208.2067
2021-03-18,217.72,100107070,228.0966,229.7433,217.3333
2021-03-17,233.9366,121117362,218.9566,234.5766,217.0033
2021-03-16,225.6266,96587020,234.45,235.9733,223.6666
2021-03-15,235.98,88270449,231.3633,237.7266,228.0133
2021-03-12,231.2433,100751530,223.3333,231.6266,222.0464
2021-03-11,233.2,108761681,233.1333,234.1666,225.7266
2021-03-10,222.6866,181817028,233.4333,239.2833,218.3533
2021-03-09,224.5266,202570010,202.7266,226.03,198.4033
2021-03-08,187.6666,155360896,200.1833,206.7083,186.2633
2021-03-05,199.3166,268189407,208.6866,209.2806,179.83
2021-03-04,207.1466,197758610,218.6,291.3133,200.0
2021-03-03,217.7333,90623889,229.33,233.5666,217.235
2021-03-02,228.8133,71196487,239.4266,240.37,228.3333
2021-03-01,239.4766,81408728,230.0366,290.6666,228.35
2021-02-26,225.1666,123267522,233.3333,235.5666,219.8366
2021-02-25,227.4066,117071592,242.05,245.7355,223.5266
2021-02-24,247.34,110300861,237.2833,248.3333,231.39
2021-02-23,232.9466,199820660,220.71,237.8699,206.3333
2021-02-22,238.1666,111809171,254.2133,256.1666,236.7333
2021-02-19,260.4333,56874786,265.0,265.5966,259.1233
2021-02-18,262.46,53871185,260.3,264.8966,258.7566
2021-02-17,266.05,78236708,259.6966,266.6133,254.0033
2021-02-16,265.4066,59406966,272.6666,273.6666,264.1466
2021-02-12,272.04,71304937,267.0866,272.4433,261.7768
2021-02-11,270.5533,64868256,270.8133,276.6266,267.2416
2021-02-10,268.2733,108648281,281.2116,281.6066,266.6733
2021-02-09,283.1533,45472955,285.04,286.6,280.5833
2021-02-08,287.8066,60485166,289.89,292.59,284.9166
2021-02-05,284.0766,55699926,281.6666,288.2566,279.6566
2021-02-04,283.33,47437985,285.0,285.5,277.8066
2021-02-03,284.8966,55030536,292.34,292.6933,284.3548
2021-02-02,290.93,73038637,281.56,293.5,280.7335
2021-02-01,279.9366,76174178,271.43,280.6666,265.1867
2021-01-29,264.51,104972260,276.6666,280.8033,260.0333
2021-01-28,278.4766,79134158,273.3333,282.6666,267.0
2021-01-27,288.0533,82001888,290.1166,297.1666,286.22
2021-01-26,294.3633,69394807,297.1266,298.6333,290.5333
2021-01-25,293.6,123520212,285.0,300.1333,279.6067
2021-01-22,282.2133,60199506,278.1033,282.6666,276.2066
2021-01-21,281.6633,61794396,285.0,285.2399,280.4733
2021-01-20,283.4833,76997648,286.2466,286.5,279.0933
2021-01-19,281.5166,76100948,279.2666,283.3333,277.6666
2021-01-15,275.3866,116332812,284.0,286.6333,273.0333
2021-01-14,281.6666,93798999,281.13,287.6666,279.5833
2021-01-13,284.8033,99937510,284.2533,286.8233,277.3333
2021-01-12,283.1466,138812174,277.0,289.3333,275.78
2021-01-11,270.3966,178662468,283.1333,284.81,267.874
2021-01-08,293.34,225166613,285.3333,294.83,279.4633
2021-01-07,272.0133,154496865,259.21,272.33,258.4
2021-01-06,251.9933,134099923,252.83,258.0,249.7
2021-01-05,245.0366,96735520,241.22,246.9466,239.7333
2021-01-04,243.2566,145914585,239.82,248.1633,239.0631
2020-12-31,235.2233,148949805,233.33,239.5733,230.3733
2020-12-30,231.5933,128538073,224.0,232.2,222.7867
2020-12-29,221.9966,68732437,220.3333,223.3,218.3333
2020-12-28,221.23,96835690,224.8366,227.1333,220.2666
2020-12-24,220.59,68596717,214.33,222.03,213.6666
2020-12-23,215.3266,99518920,210.7333,217.1666,207.5233
2020-12-22,213.4466,155584936,216.0,216.6266,204.7433
2020-12-21,216.62,174135797,222.08,222.8333,215.3566
2020-12-17,218.6333,168810437,209.3966,219.6066,206.5
2020-12-16,207.59,126287443,209.41,210.8333,201.6666
2020-12-15,211.0833,135670694,214.4266,215.6333,207.9333
2020-12-14,213.2766,156121966,206.3333,214.2499,203.4
2020-12-11,203.33,139424924,205.0033,208.0,198.9333
2020-12-10,209.0233,201249470,191.4566,209.25,188.78
2020-12-09,201.4933,213873591,217.8966,218.1066,196.0
2020-12-08,216.6266,192795109,208.5016,217.0933,206.1666
2020-12-07,213.92,168929147,201.6399,216.2618,201.0166
2020-12-04,199.68,88203939,197.0033,199.68,195.1666
2020-12-03,197.7933,127656013,196.6733,199.6566,194.1433
2020-12-02,189.6066,143326964,185.48,190.5133,180.4033
2020-12-01,194.92,121148502,199.1966,199.2833,190.6833
2020-11-30,189.2,189009169,200.7366,202.6,184.8366
2020-11-27,195.2533,112683251,193.72,199.5933,192.8166
2020-11-25,191.3333,146790495,183.3533,191.3333,181.79
2020-11-24,185.1266,160945486,180.1333,186.6633,175.4
2020-11-23,173.95,150780915,167.8333,175.3333,167.2633
2020-11-20,163.2033,98735770,165.9967,167.5,163.02
2020-11-19,166.4233,187426069,164.0,169.537,162.5233
2020-11-18,162.2133,234132083,149.45,165.3333,147.8334
2020-11-17,147.2033,183564858,153.39,154.0,144.3367
2020-11-16,136.03,80515928,136.31,137.4833,134.6956
2020-11-13,136.1667,59491056,136.95,137.5106,133.8867
2020-11-12,137.2533,59821506,138.35,141.0,136.5067
2020-11-11,139.0433,52073165,138.8167,139.565,136.86
2020-11-10,136.7867,90852669,140.03,140.03,132.01
2020-11-09,140.42,104499100,146.5,150.8333,140.3333
2020-11-06,143.3167,65118037,145.3667,145.5233,141.4267
2020-11-05,146.03,85243569,142.7667,146.6667,141.3334
2020-11-04,140.3267,96429190,143.54,145.1333,139.0333
2020-11-03,141.3,103055170,136.5767,142.59,135.5633
2020-11-02,133.5033,87063369,131.3333,135.66,130.7667
2020-10-30,129.3467,127762933,135.6318,135.8638,126.37
2020-10-29,136.9433,67965937,136.6533,139.3533,135.4867
2020-10-28,135.34,76354238,138.8267,139.5333,135.3333
2020-10-27,141.56,68059537,141.2533,143.5,140.0333
2020-10-26,140.0933,84717488,137.21,141.92,136.6667
2020-10-23,140.21,101150950,140.6133,140.962,135.7934
2020-10-22,141.93,119979582,147.3067,148.41,141.5033
2020-10-21,140.88,97111390,140.9,144.3167,140.4167
2020-10-20,140.6467,94968879,143.9167,143.9167,139.6834
2020-10-19,143.61,108863531,148.7467,149.0,142.9567
2020-10-16,146.5567,98327650,151.48,151.9833,146.2833
2020-10-15,149.6267,107017061,150.1033,152.19,147.5
2020-10-14,153.7667,144136184,149.9267,155.3,149.1167
2020-10-13,148.8833,103391020,147.7833,149.63,145.5333
2020-10-12,147.4333,116373402,147.3333,149.58,146.1933
2020-10-09,144.6667,86776989,143.3767,144.8633,142.1534
2020-10-08,141.9733,121263372,146.1467,146.3333,141.7667
2020-10-07,141.7667,129383143,139.9567,143.3,137.9483
2020-10-06,137.9933,147438795,141.2633,142.9266,135.35
2020-10-05,141.8933,134168383,141.1167,144.5467,139.7767
2020-10-02,138.3633,214290111,140.4633,146.3767,138.3333
2020-10-01,149.3867,152224365,146.92,149.6267,144.8067
2020-09-30,143.0033,144436724,140.44,144.6433,140.1567
2020-09-29,139.69,151024215,138.6667,142.8333,137.2
2020-09-28,140.4,149158695,141.54,142.6933,138.5167
2020-09-25,135.78,201625400,131.1567,136.2441,130.4333
2020-09-24,129.2633,289683209,121.2667,133.1667,117.1
2020-09-23,126.7867,285222569,135.0533,137.3833,125.2934
2020-09-22,141.41,238742424,143.2,145.92,139.2
2020-09-21,149.7967,328430433,151.0433,151.8933,135.69
2020-09-18,147.3833,259220486,149.3133,150.3333,142.9333
2020-09-17,141.1433,230337503,138.5333,145.93,136.0
2020-09-16,147.2533,217640302,146.6233,152.5967,145.1033
2020-09-15,149.92,291894719,145.52,153.98,143.5667
2020-09-14,139.8733,249061855,126.9833,140.0,124.4333
2020-09-11,124.24,182152398,127.3133,127.5,120.1667
2020-09-10,123.78,254791855,128.7367,132.9967,120.1867
2020-09-09,122.0933,238397334,118.8667,123.0,113.8367
2020-09-08,110.07,346397135,118.6667,122.9133,109.96
2020-09-04,139.44,330965733,134.27,142.6667,124.0067
2020-09-03,135.6667,262788296,135.7433,143.9333,134.0
2020-09-02,149.1233,288528419,159.6633,159.68,135.0402
2020-09-01,158.35,270358287,167.38,167.4966,156.8367
2020-08-31,166.1067,355123236,148.2033,166.7133,146.7033
2020-08-28,147.5601,301217549,153.0081,154.5661,145.7681
2020-08-27,149.2501,355395422,145.3641,153.0401,142.8334
2020-08-26,143.5447,213590593,137.3334,144.4001,136.9087
2020-08-25,134.8894,159883270,131.6594,135.1967,131.2001
2020-08-24,134.2801,300954150,141.7517,141.9334,128.5014
2020-08-21,136.6654,322343239,136.3174,139.6994,135.0034
2020-08-20,133.4554,309176845,124.0454,134.7994,123.8041
2020-08-19,125.2354,183079858,124.3334,127.4001,122.7474
2020-08-18,125.8061,247117226,126.5994,128.2601,123.0074
2020-08-17,122.3761,303634648,111.8001,123.0574,111.5221
2020-08-14,110.0474,188664056,110.9994,111.2534,108.4427
2020-08-13,108.0667,306379497,107.4001,110.0787,104.4841
2020-08-12,103.6507,328482286,98.0,105.6667,95.6667
2020-08-11,91.626,129387445,93.0667,94.6667,91.0
2020-08-10,94.5714,112833904,96.5334,97.1667,92.3894
2020-08-07,96.8474,133446233,99.9692,99.9834,94.334
2020-08-06,99.3054,89884650,99.3887,101.1541,98.484
2020-08-05,99.0014,74670188,99.5327,99.9893,97.8874
2020-08-04,99.1334,126224787,99.6674,101.8274,97.4667
2020-08-03,99.0,132140124,96.6134,100.6541,96.2923
2020-07-31,95.384,183704308,101.0001,101.1367,94.732
2020-07-30,99.166,114315528,99.2,100.8827,98.0667
2020-07-29,99.9407,141403324,100.0667,102.3207,99.1334
2020-07-28,98.4327,237130381,100.2667,104.3134,98.2947
2020-07-27,102.6401,240729930,95.6667,103.1961,94.2001
2020-07-24,94.4667,290949155,94.4007,97.6667,91.1027
2020-07-23,100.8714,364927318,111.9301,112.6001,98.718
2020-07-22,106.1554,212416094,106.6001,108.4281,104.1334
2020-07-21,104.5574,242359079,109.3287,111.6667,103.8667
2020-07-20,109.5334,256820422,101.2674,110.0001,99.2
2020-07-17,100.0561,139949510,100.8967,102.5007,99.3334
2020-07-16,100.0427,214511743,98.4774,102.1141,97.7334
2020-07-15,103.0674,245517327,102.8667,103.3334,97.1334
2020-07-14,101.1201,351271924,103.7334,106.0001,95.4
2020-07-10,102.9767,350063075,93.0667,103.2611,91.7341
2020-07-09,92.952,175763912,93.1327,93.904,90.0854
2020-07-08,91.0587,244669528,93.6667,94.484,87.4227
2020-07-07,92.6574,322344739,93.6674,95.3,89.114
2020-07-06,91.4387,308547746,85.1127,91.8527,84.403
2020-07-02,80.5774,258751671,81.432,81.8667,79.04
2020-07-01,74.642,199903400,72.2,75.6887,72.0334
2020-06-30,71.9874,253777373,67.1,72.5127,66.9154
2020-06-29,67.29,135395992,64.6007,67.3334,63.2347
2020-06-26,63.9827,132823554,66.3187,66.3334,63.658
2020-06-25,65.732,138818166,63.618,65.732,62.4767
2020-06-24,64.0567,164393768,66.274,66.7257,63.5428
2020-06-23,66.7854,95479017,66.592,67.4667,66.2674
2020-06-22,66.288,95435202,66.6634,67.2587,66.0014
2020-06-19,66.7267,130196170,67.5187,67.7314,66.0894
2020-06-18,66.9307,146278967,66.8667,67.9467,66.2981
2020-06-17,66.1194,148361926,65.8474,67.0,65.5048
2020-06-16,65.4754,210766095,67.4567,67.5254,64.1594
2020-06-15,66.06,235457582,61.186,66.5894,60.5667
2020-06-12,62.352,251450424,65.3334,65.8654,60.84
2020-06-11,64.856,238747081,66.0134,67.9307,64.8
2020-06-10,68.3367,278451011,66.1254,68.4987,65.5
2020-06-09,62.7114,170822165,62.6674,63.6294,61.5954
2020-06-08,63.328,212620844,61.2667,63.3334,60.6107
2020-06-05,59.044,117178696,58.5227,59.1014,57.7467
2020-06-04,57.6254,133315628,59.3254,59.7167,57.2294
2020-06-03,58.864,119241975,59.208,59.8627,58.6734
2020-06-02,58.7707,203483898,59.6467,60.5774,58.0667
2020-06-01,59.8734,226279387,57.2,59.9334,56.94
2020-05-29,55.6667,177187261,53.9167,55.6667,53.614
2020-05-28,53.7207,109136555,54.234,54.9834,53.446
2020-05-27,54.682,173242863,54.724,55.1807,52.3334
2020-05-26,54.5914,121345979,55.6334,55.64,54.3804
2020-05-22,54.4587,149812050,54.8116,55.452,54.1334
2020-05-21,55.1734,183818608,54.4,55.5,53.0667
2020-05-20,54.3707,109639010,54.7,55.0667,54.12
2020-05-19,53.8674,144547758,54.3447,54.8047,53.7387
2020-05-18,54.242,175471412,55.1854,55.648,53.592
2020-05-15,53.278,157776371,52.69,53.6699,52.4368
2020-05-14,53.5554,205232747,52.0,53.5574,50.9334
2020-05-13,52.7307,285982207,54.722,55.0667,50.8867
2020-05-12,53.9607,238603531,55.1334,56.2194,53.8667
2020-05-11,54.086,247793876,52.7007,54.9334,52.3334
2020-05-08,54.628,241951229,52.918,54.9334,52.4674
2020-05-07,52.0027,172915264,51.814,53.0934,51.49
2020-05-06,52.172,166848367,51.7667,52.6534,50.7407
2020-05-05,51.214,254874773,52.6527,53.2614,50.812
2020-05-04,50.746,288556206,46.7334,50.8,46.5334
2020-04-30,52.1254,427077536,57.0127,57.988,50.9
2020-04-29,53.3674,243239578,52.678,53.5467,52.2107
2020-04-28,51.2747,228329286,53.0427,53.6667,50.446
2020-04-27,53.25,310221445,49.174,53.2994,49.0
2020-04-24,48.3434,198564051,47.3874,48.7154,46.5454
2020-04-23,47.042,198550401,48.5067,48.9334,46.8754
2020-04-22,48.8074,213372343,46.932,48.9334,45.914
2020-04-21,45.7814,303136198,48.6747,50.222,44.9194
2020-04-20,49.7574,221195439,48.8467,51.038,47.4807
2020-04-17,50.2594,196923352,51.4854,51.6634,49.844
2020-04-16,49.6807,309867745,47.796,50.63,47.1144
2020-04-15,48.6554,353654823,49.4667,50.2087,47.3334
2020-04-13,43.3967,337131131,39.344,43.4667,38.702
2020-04-09,38.2,204749898,37.4727,38.3455,37.1407
2020-04-08,36.5894,189840205,36.9467,37.1472,35.5554
2020-04-07,36.3634,268796566,36.3334,37.6667,35.4894
2020-04-06,34.416,223527488,34.08,34.7334,33.1973
2020-04-03,32.0007,338431031,33.9667,34.366,31.226
2020-04-02,30.298,297876301,32.0687,32.9507,29.76
2020-04-01,32.104,200297600,33.6,34.2637,31.6733
2020-03-31,34.9334,266572217,33.4167,36.1974,33.1333
2020-03-30,33.4754,179970960,34.0174,34.4432,32.7487
2020-03-27,34.2907,215661042,33.6667,35.0534,32.9353
2020-03-26,35.2107,261331069,36.4927,37.3334,34.15
2020-03-25,35.95,318341091,36.35,37.1334,34.074
2020-03-24,33.6667,343427378,31.82,34.246,31.6
2020-03-23,28.9527,246818127,28.9067,29.4667,27.3667
2020-03-20,28.502,424282288,29.2133,31.8,28.386
2020-03-18,24.0813,356792222,25.9333,26.9907,23.3673
2020-03-17,28.68,359918520,29.334,31.4567,26.4
2020-03-16,29.6713,307341746,31.3,32.9913,29.478
2020-03-13,36.4414,339603580,39.6667,40.5047,33.4667
2020-03-12,37.37,283635608,38.726,39.6334,36.4167
2020-03-11,42.282,201203749,42.68,43.572,40.8667
2020-03-10,43.022,233916483,43.962,44.5334,40.5334
2020-03-09,40.5334,256105972,40.3594,44.1999,40.3334
2020-03-06,46.8987,189943705,46.0003,47.1334,45.618
2020-03-05,48.3027,162789819,48.2514,49.7167,47.8714
2020-03-04,49.9667,225734587,50.9307,51.1014,48.3157
2020-03-03,49.7007,386759807,53.6667,53.7987,47.7407
2020-03-02,49.5747,302924699,47.4174,49.5794,45.778
2020-02-28,44.5327,368462366,41.98,46.0347,40.768
2020-02-27,45.2667,364157218,48.6667,49.318,44.6
2020-02-26,51.92,212307494,52.1667,54.2207,51.7407
2020-02-25,53.3274,259357070,56.6,57.1067,52.4667
2020-02-24,55.586,227882286,55.9334,57.5667,54.8134
2020-02-21,60.0667,215091642,60.4654,60.8707,58.6967
2020-02-20,59.9607,264523218,60.7967,60.8,57.3294
2020-02-19,61.1614,381344209,61.5667,62.9854,60.068
2020-02-18,57.2267,250475425,56.1067,57.3334,55.4907
2020-02-14,53.3354,235405532,52.4814,54.198,52.3667
2020-02-13,53.6,394340053,49.456,54.5334,49.0
2020-02-12,51.1527,180336960,51.858,52.65,50.8914
2020-02-11,51.6254,175461962,51.2527,52.2338,50.5334
2020-02-10,51.4187,370337215,53.3334,54.666,50.16
2020-02-07,49.8714,255952672,48.7034,51.3167,48.6667
2020-01-31,43.3714,235788932,42.6667,43.5334,42.168
2020-01-30,42.7207,435084982,42.1614,43.392,41.2
2020-01-29,38.7327,273249913,38.3794,39.32,37.8287
2020-01-28,37.7934,176827262,37.8994,38.454,37.2054
2020-01-27,37.2014,204120948,36.1327,37.6294,35.952
2020-01-24,37.6547,215303892,38.042,38.2574,36.9507
2020-01-23,38.1467,294765453,37.6167,38.8,37.0402
2020-01-21,36.48,267051916,35.35,36.572,35.2274
2020-01-17,34.0334,204435948,33.8407,34.378,33.544
2020-01-16,34.2327,326049587,32.9167,34.2974,32.8113
2020-01-15,34.5667,260532320,35.3174,35.856,34.4524
2020-01-14,35.8614,435920482,36.2837,36.494,34.9934
2020-01-13,34.9907,399518050,32.9,35.042,32.8
2020-01-10,31.8767,194652353,32.1193,32.3293,31.58
2020-01-09,32.0893,426947637,33.14,33.2533,31.5247
2020-01-07,31.2707,273136963,30.76,31.442,30.2237
2020-01-06,30.1027,152362424,29.3647,30.104,29.3333
2020-01-03,29.534,266920367,29.3667,30.2667,29.128
2020-01-02,28.684,143375718,28.3,28.7131,28.114
2019-12-31,27.8887,154386823,27.0,28.086,26.8053
2019-12-30,27.6467,189018955,28.586,28.6,27.2839
2019-12-27,28.692,149352330,29.0,29.0207,28.4073
2019-12-26,28.7293,159724270,28.5273,28.8987,28.4233
2019-12-24,28.35,120820740,27.8907,28.3647,27.5125
2019-12-23,27.948,199992200,27.452,28.134,27.3333
2019-12-20,27.0393,221778039,27.3527,27.5333,26.679
2019-12-19,26.936,271804514,26.488,27.1233,26.4333
2019-12-18,26.21,212045744,25.3753,26.348,25.372
2019-12-17,25.266,127556561,25.266,25.7,25.06
2019-12-16,25.4333,273313963,24.17,25.574,24.1667
2019-12-13,23.8927,98614166,24.07,24.3473,23.6427
2019-12-12,23.9787,116643107,23.6613,24.1827,23.5487
2019-12-11,23.5133,103787378,23.4584,23.8127,23.406
2019-12-10,23.256,132599199,22.664,23.382,22.6207
2019-12-09,22.6353,135603187,22.4393,22.9633,22.3387
2019-12-06,22.3927,114283998,22.3333,22.5907,22.318
2019-12-05,22.0247,56054612,22.1887,22.2949,21.8167
2019-12-04,22.202,83043783,22.5167,22.524,22.19
2019-12-03,22.4133,99202090,22.1747,22.5273,22.1457
2019-12-02,22.3247,91229744,21.96,22.4255,21.9125
2019-11-29,21.996,36984417,22.074,22.084,21.8333
2019-11-27,22.086,83451843,22.0747,22.262,21.9047
2019-11-26,21.928,119343525,22.3513,22.3667,21.8067
2019-11-25,22.4227,185186457,22.9547,22.9713,22.2973
2019-11-22,22.2027,253059473,22.6773,22.7333,22.0
2019-11-21,23.6553,91650149,23.634,24.056,23.6003
2019-11-20,23.4813,101009424,24.0,24.08,23.3047
2019-11-19,23.968,116041112,23.45,23.9993,23.1867
2019-11-18,23.3327,66127542,23.5278,23.5433,23.0733
2019-11-15,23.478,72188409,23.376,23.52,23.224
2019-11-14,23.29,97075496,23.074,23.5893,22.8607
2019-11-13,23.074,127017881,23.6667,23.7553,23.012
2019-11-12,23.3287,110390690,23.1267,23.358,22.936
2019-11-11,23.006,149905260,22.93,23.2793,22.8
2019-11-08,22.476,91113269,22.3,22.4973,22.1667
2019-11-07,22.3693,217010141,21.9427,22.7667,21.868
2019-11-06,21.772,119113920,21.2,21.7813,20.9667
2019-11-05,21.148,104151203,21.308,21.5673,21.0745
2019-11-04,21.1647,131805534,20.9867,21.4627,20.6173
2019-11-01,20.8873,95758887,21.088,21.0987,20.6533
2019-10-31,20.9947,76004302,20.8733,21.2667,20.8667
2019-10-30,21.0007,144627078,20.8667,21.2527,20.6647
2019-10-29,21.0813,190263955,21.3327,21.62,20.9833
2019-10-28,21.8473,283054208,21.836,22.7227,21.5067
2019-10-23,16.9787,168242616,16.9667,17.076,16.7567
2019-10-22,17.0387,69376390,16.9547,17.222,16.7233
2019-10-21,16.9,76621477,17.222,17.3,16.6787
2019-10-18,17.13,86304947,17.38,17.52,17.0067
2019-10-17,17.4647,71685609,17.5,17.652,17.3447
